{"cameraMode":{"drawMode":0,"name":"Shaded","section":"Shading Mode"},"sceneLighting":true,"audioPlay":false,"sceneViewState":{"showFog":true,"showMaterialUpdate":false,"showSkybox":true,"showFlares":true,"showImageEffects":true,"showParticleSystems":true},"in2DMode":false,"pivot":{"x":1.4278478622436524,"y":-1.8890581130981446,"z":7.698990821838379},"rotation":{"x":0.1256713569164276,"y":-0.8679067492485046,"z":0.2784929573535919,"w":0.39164790511131289},"size":46.63433837890625,"orthographic":false}