{"cameraMode":{"drawMode":0,"name":"Shaded","section":"Shading Mode"},"sceneLighting":false,"audioPlay":false,"sceneViewState":{"showFog":true,"showMaterialUpdate":false,"showSkybox":false,"showFlares":true,"showImageEffects":true,"showParticleSystems":true},"in2DMode":false,"pivot":{"x":2.645170211791992,"y":-1.1520445346832276,"z":-1.9091567993164063},"rotation":{"x":0.06575267016887665,"y":0.8750197291374207,"z":-0.1242028996348381,"w":0.4632440507411957},"size":7.14402961730957,"orthographic":false}